{"cameraMode":{"drawMode":0,"name":"Shaded","section":"Shading Mode"},"sceneLighting":true,"audioPlay":false,"sceneViewState":{"m_AlwaysRefresh":false,"showFog":true,"showSkybox":true,"showFlares":true,"showImageEffects":true,"showParticleSystems":true,"showVisualEffectGraphs":true,"m_FxEnabled":true},"in2DMode":false,"pivot":{"x":1057.55908203125,"y":-0.0000032186508178710939,"z":30.89634132385254},"rotation":{"x":0.009725228883326054,"y":0.8469032049179077,"z":-0.5314367413520813,"w":0.015495446510612965},"size":23.189138412475587,"orthographic":false}